use proyecto;
select * from egresado;
-- INSERCION TABLA EGRESADOS:
INSERT INTO egresado VALUES (00001, 'CC', 'Juan Carlos', 'Moreno Moreno', '20-02-2000', 'Masculino', 'No aplica', 'juancamoreno@unal.edu.co', 3205468782, 'Bogota', 'Colombia'),
(00002, 'CC', 'Maria Luisa', 'Lopez Correa', '25-07-2002', 'Femenino', 'Wayuu', 'Marlu@unal.edu.co', 3127894436, 'Medellin', 'Colombia' ),
(00003, 'CC', 'Ivan', 'Lopez Hernandez', '25-01-1997', 'Masculino', 'Afro', 'Ivan222@unal.edu.co', 3116789436, 'Cali', 'Colombia' ),
(00004, 'CC', 'Carlos Hernan', 'Marin Correa', '25-11-2001', 'Masculino', 'No aplica', 'carlito333@unal.edu.co', 3108974536, 'Bogota', 'Colombia' ),
(00005, 'CC', 'Andrea Gissel', 'Galindo Galindo', '02-12-1995', 'Femenino', 'Afro', 'AndreaGa@unal.edu.co', 3008975410, 'Barranquilla', 'Colombia' ),
(00006, 'CC', 'Luisa Fernanda', 'Gonzalez Perez', '15-03-1998', 'Femenino', 'No aplica', 'luisafernanda@unal.edu.co', 3012345678, 'Cali', 'Colombia'),
(00007, 'CC', 'Pedro Pablo', 'Gomez Ramirez', '10-05-1990', 'Masculino', 'No aplica', 'pedropablo@unal.edu.co', 3156781234, 'Medellin', 'Colombia'),
(00008, 'CC', 'Ana Maria', 'Diaz Rojas', '12-09-1993', 'Femenino', 'Afro', 'anamaria@unal.edu.co', 3209876543, 'Barranquilla', 'Colombia'),
(00009, 'CC', 'Javier', 'Gutierrez Lopez', '28-11-1996', 'Masculino', 'Wayuu', 'javier@unal.edu.co', 3112345678, 'Cartagena', 'Colombia'),
(00010, 'CC', 'Laura Sofia', 'Martinez Vargas', '20-04-1989', 'Femenino', 'No aplica', 'laurasofia@unal.edu.co', 3045678901, 'Bogota', 'Colombia'),
(00011, 'CC', 'Diego Alejandro', 'Rojas Cardenas', '18-07-1992', 'Masculino', 'Zenu', 'diegoalejandro@unal.edu.co', 3134567890, 'Barranquilla', 'Colombia'),
(00012, 'CC', 'Carolina', 'Sanchez Guerrero', '05-02-1985', 'Femenino', 'Wayuu', 'carolina@unal.edu.co', 3012345678, 'Cali', 'Colombia'),
(00013, 'CC', 'Santiago', 'Mendez Diaz', '03-10-1987', 'Masculino', 'Afro', 'santiago@unal.edu.co', 3187654321, 'Medellin', 'Colombia'),
(00014, 'CC', 'Valentina', 'Perez Alvarez', '21-08-1978', 'Femenino', 'No aplica', 'valentina@unal.edu.co', 3101234567, 'Bogota', 'Colombia'),
(00015, 'CC', 'Andres Felipe', 'Garcia Ospina', '17-06-1984', 'Masculino', 'No aplica', 'andresfelipe@unal.edu.co', 3009876543, 'Barranquilla', 'Colombia'),
(00016, 'CC', 'Camila', 'Castro Marin', '30-12-1982', 'Femenino', 'Zenu', 'camila@unal.edu.co', 3176543210, 'Cartagena', 'Colombia'),
(00017, 'CC', 'Gabriel', 'Lopez Arias', '14-04-1980', 'Masculino', 'No aplica', 'gabriel@unal.edu.co', 3134567890, 'Medellin', 'Colombia'),
(00018, 'CC', 'Mariana', 'Rios Lopez', '09-01-1979', 'Femenino', 'Wayuu', 'mariana@unal.edu.co', 3056789012, 'Cali', 'Colombia'),
(00019, 'CC', 'Daniel', 'Gutierrez Ramirez', '23-05-1976', 'Masculino', 'Afro', 'daniel@unal.edu.co', 3123456789, 'Bogota', 'Colombia'),
(00020, 'CC', 'Alejandra', 'Moreno Gonzalez', '07-08-1975', 'Femenino', 'No aplica', 'alejandra@unal.edu.co', 3201234567, 'Barranquilla', 'Colombia'),
(00021, 'CC', 'Mateo', 'Vargas Rojas', '19-11-1973', 'Masculino', 'Zenu', 'mateo@unal.edu.co', 3145678901, 'Cartagena', 'Colombia'),
(00022, 'CC', 'Sofia', 'Diaz Martinez', '25-07-1971', 'Femenino', 'No aplica', 'sofia@unal.edu.co', 3012345678, 'Cali', 'Colombia'),
(00023, 'CC', 'Juan', 'Gomez Hernandez', '11-09-1969', 'Masculino', 'Wayuu', 'juan@unal.edu.co', 3176543210, 'Medellin', 'Colombia'),
(00024, 'CC', 'Luisa', 'Hernandez Perez', '06-03-1967', 'Femenino', 'Afro', 'luisa@unal.edu.co', 3109876543, 'Bogota', 'Colombia'),
(00025, 'CC', 'Andres', 'Rojas Gutierrez', '29-12-1965', 'Masculino', 'No aplica', 'andres@unal.edu.co', 3001234567, 'Barranquilla', 'Colombia'),
(00026, 'CC', 'Maria', 'Sanchez Rojas', '18-08-1964', 'Femenino', 'No aplica', 'maria@unal.edu.co', 3209876543, 'Cartagena', 'Colombia'),
(00027, 'CC', 'Jose', 'Lopez Martinez', '02-05-1963', 'Masculino', 'Zenu', 'jose@unal.edu.co', 3145678901, 'Cali', 'Colombia'),
(00028, 'CC', 'Laura', 'Gonzalez Ramirez', '27-09-1962', 'Femenino', 'No aplica', 'laura@unal.edu.co', 3012345678, 'Medellin', 'Colombia'),
(00029, 'CC', 'Carlos', 'Diaz Gutierrez', '09-11-1961', 'Masculino', 'Wayuu', 'carlos@unal.edu.co', 3176543210, 'Bogota', 'Colombia'),
(00030, 'CC', 'Fernanda', 'Martinez Hernandez', '13-07-1960', 'Femenino', 'Afro', 'fernanda@unal.edu.co', 3109876543, 'Barranquilla', 'Colombia'),
(00032, 'CC', 'Ana Maria', 'Ramirez Garcia', '05-04-1994', 'Femenino', 'No aplica', 'anamaria@unal.edu.co', 3012345678, 'Cali', 'Colombia'),
(00033, 'CC', 'Luis Felipe', 'Gonzalez Torres', '10-02-1991', 'Masculino', 'Afro', 'luisfelipe@unal.edu.co', 3156781234, 'Medellin', 'Colombia'),
(00034, 'CC', 'Juliana Andrea', 'Lopez Gutierrez', '12-09-1988', 'Femenino', 'Wayuu', 'juliana@unal.edu.co', 3209876543, 'Barranquilla', 'Colombia'),
(00035, 'CC', 'Carlos Andres', 'Perez Martinez', '28-11-1987', 'Masculino', 'No aplica', 'carlosandres@unal.edu.co', 3112345678, 'Cartagena', 'Colombia'),
(00036, 'CC', 'Laura Sofia', 'Gutierrez Vargas', '20-04-1986', 'Femenino', 'Zenu', 'laurasofia@unal.edu.co', 3045678901, 'Bogota', 'Colombia'),
(00037, 'CC', 'Diego Alejandro', 'Rojas Hernandez', '18-07-1983', 'Masculino', 'No aplica', 'diegoalejandro@unal.edu.co', 3134567890, 'Barranquilla', 'Colombia'),
(00038, 'CC', 'Maria Jose', 'Sanchez Cardenas', '05-02-1980', 'Femenino', 'Wayuu', 'mariajose@unal.edu.co', 3012345678, 'Cali', 'Colombia'),
(00039, 'CC', 'Santiago Andres', 'Mendez Diaz', '03-10-1978', 'Masculino', 'Afro', 'santiagoandres@unal.edu.co', 3187654321, 'Medellin', 'Colombia'),
(00040, 'CC', 'Valentina', 'Perez Alvarez', '21-08-1977', 'Femenino', 'No aplica', 'valentina@unal.edu.co', 3101234567, 'Bogota', 'Colombia'),
(00041, 'CC', 'Andres Felipe', 'Garcia Ospina', '17-06-1976', 'Masculino', 'No aplica', 'andresfelipe@unal.edu.co', 3009876543, 'Barranquilla', 'Colombia'),
(00042, 'CC', 'Camila Sofia', 'Castro Marin', '30-12-1974', 'Femenino', 'Zenu', 'camilasofia@unal.edu.co', 3176543210, 'Cartagena', 'Colombia'),
(00043, 'CC', 'Gabriel Antonio', 'Lopez Arias', '14-04-1973', 'Masculino', 'No aplica', 'gabrielantonio@unal.edu.co', 3134567890, 'Medellin', 'Colombia'),
(00044, 'CC', 'Mariana', 'Rios Lopez', '09-01-1972', 'Femenino', 'Wayuu', 'mariana@unal.edu.co', 3056789012, 'Cali', 'Colombia'),
(00045, 'CC', 'Daniel Alejandro', 'Gutierrez Ramirez', '23-05-1969', 'Masculino', 'Afro', 'daniel@unal.edu.co', 3123456789, 'Bogota', 'Colombia'),
(00046, 'CC', 'Alejandra Maria', 'Moreno Gonzalez', '07-08-1968', 'Femenino', 'No aplica', 'alejandra@unal.edu.co', 3201234567, 'Barranquilla', 'Colombia'),
(00047, 'CC', 'Mateo', 'Vargas Rojas', '19-11-1967', 'Masculino', 'Zenu', 'mateo@unal.edu.co', 3145678901, 'Cartagena', 'Colombia'),
(00048, 'CC', 'Sofia', 'Diaz Martinez', '25-07-1966', 'Femenino', 'No aplica', 'sofia@unal.edu.co', 3012345678, 'Cali', 'Colombia'),
(00049, 'CC', 'Juan David', 'Gomez Hernandez', '11-09-1965', 'Masculino', 'Wayuu', 'juandavid@unal.edu.co', 3176543210, 'Medellin', 'Colombia'),
(00050, 'CC', 'Luisa Fernanda', 'Hernandez Perez', '06-03-1964', 'Femenino', 'Afro', 'luisafernanda@unal.edu.co', 3109876543, 'Bogota', 'Colombia'),
(00051, 'CC', 'Andres Felipe', 'Rojas Gutierrez', '29-12-1963', 'Masculino', 'No aplica', 'andres@unal.edu.co', 3001234567, 'Barranquilla', 'Colombia');


-- INSERCION TABLA INSTITUCION EDUCATIVA:
INSERT INTO Institucion_Educativa VALUES 
(101, 'Universidad Nacional'),
(102, 'Universidad de los Andes'),
(103, 'Universidad Javeriana'),
(104, 'Universidad de la sabana'),
(105, 'Universidad Militar'),
(106, 'Escuela de Ingenieros'),
(107, 'Universidad de massachusetts');

-- INSERCION Facultad_Externa:
INSERT INTO Facultad_Externa VALUES 
(1001, 'Quimica', 'Bogota', 'Manuel Ortiz', 103),
(1002, 'Ingenieria', 'Bogota', 'Andres Forero', 106), 
(1003, 'Arquitectura', 'Bogota', 'Laura Martinez', 103),
(1004, 'Ciencias Sociales', 'Bogota', 'Carlos Rodriguez', 102),
(1005, 'Medicina', 'Bogota', 'Luisa Perez', 103),
(1006, 'Derecho', 'Chia', 'Alejandro Gomez', 104),
(1007, 'Economia', 'Bogota', 'Maria Torres', 105),
(1008, 'Odontologia', 'Bogota', 'Juan Ramirez', 105),
(1009, 'Psicologia', 'Bogota', 'Ana Garcia', 102),
(1010, 'Ciencias Politicas', 'Cali', 'Pedro Diaz', 103),
(1011, 'Educacion', 'Chia', 'Sofia Lopez', 104),
(1012, 'Administracion', 'Bogota', 'Daniel Hernandez', 105),
(1013, 'Veterinaria', 'Bogota', 'Catalina Sanchez', 105),
(1014, 'Biologia', 'Cartagena', 'Mateo Perez', 102),
(1015, 'Comunicacion', 'Bogota', 'Valentina Gutierrez', 103),
(1016, 'Fisioterapia', 'Chia', 'Diego Torres', 104),
(1017, 'Quimica', 'Medellin', 'Laura Rojas', 102),
(1018, 'Ingenieria', 'Medellin', 'Andres Cuellar', 106),
(1019, 'Arquitectura', 'Medellin', 'Camila Rodriguez', 106),
(1020, 'Ciencias Sociales', 'Medellin', 'Carlos Perez', 102),
(1021, 'Medicina', 'Medellin', 'Luis Ramirez', 103),
(1022, 'Derecho', 'Chia', 'Alejandra Martinez', 104),
(1023, 'Economia', 'Cali', 'Mario Garcia', 105),
(1024, 'Odontologia', 'Massachusetts', 'Juanita Lopez', 107),
(1025, 'Psicologia', 'Medellin', 'Andrea Diaz', 102),
(1026, 'Ciencias Politicas', 'Medellin', 'Pedro Rodriguez', 103),
(1027, 'Educacion', 'Chia', 'Sara Ramirez', 104),
(1028, 'Administracion', 'Medellin', 'David Gutierrez', 105),
(1029, 'Veterinaria', 'Medellin', 'Catalina Perez', 106),
(1030, 'Biologia', 'Medellin', 'Mateo Gomez', 102); 

-- Inserciones de programas educativos externos:
INSERT INTO Programa_Educativo_Externo VALUES 
(2001, 'Licenciatura en Química', 1001, 'Licenciatura', 'Presencial'),
(2002, 'Ingeniería Civil', 1002, 'Pregrado', 'Presencial'),
(2003, 'Arquitectura Sostenible', 1003, 'Maestría', 'Presencial'),
(2004, 'Psicología Clínica', 1004, 'Maestría', 'Presencial'),
(2005, 'Medicina Familiar', 1005, 'Especialización', 'Presencial'),
(2006, 'Derecho Internacional', 1006, 'Maestría', 'Presencial'),
(2007, 'Economía Ambiental', 1007, 'Maestría', 'Presencial'),
(2008, 'Odontología Estética', 1008, 'Especialización', 'Presencial'),
(2009, 'Licenciatura en Educación Física', 1009, 'Licenciatura', 'Presencial'),
(2010, 'Ciencias Políticas y Gobierno', 1010, 'Pregrado', 'Presencial'),
(2011, 'Administración de Empresas', 1011, 'Pregrado', 'Presencial'),
(2012, 'Veterinaria de Pequeños Animales', 1012, 'Especialización', 'Presencial'),
(2013, 'Biología Marina', 1013, 'Pregrado', 'Presencial'),
(2014, 'Comunicación Audiovisual', 1014, 'Pregrado', 'Presencial'),
(2015, 'Fisioterapia Deportiva', 1015, 'Especialización', 'Presencial'),
(2016, 'Licenciatura en Química', 1017, 'Licenciatura', 'Presencial'),
(2017, 'Ingeniería de Sistemas', 1018, 'Pregrado', 'Presencial'),
(2018, 'Arquitectura Sostenible', 1019, 'Maestría', 'Presencial'),
(2019, 'Psicología Organizacional', 1020, 'Maestría', 'Presencial'),
(2020, 'Medicina Interna', 1021, 'Especialización', 'Presencial'),
(2021, 'Derecho Penal', 1022, 'Maestría', 'Presencial'),
(2022, 'Economía del Desarrollo', 1023, 'Maestría', 'Presencial'),
(2023, 'Odontología Pediátrica', 1024, 'Especialización', 'Presencial'),
(2024, 'Licenciatura en Filosofía', 1025, 'Licenciatura', 'Presencial'),
(2025, 'Biología Molecular', 1026, 'Maestría', 'Presencial'),
(2026, 'Comunicación Corporativa', 1027, 'Maestría', 'Presencial'),
(2027, 'Fisioterapia Neurológica', 1028, 'Especialización', 'Presencial'),
(2028, 'Licenciatura en Historia', 1029, 'Licenciatura', 'Presencial'),
(2029, 'Ingeniería Industrial', 1030, 'Pregrado', 'Presencial');

-- Inserciones en la tabla Historia_academca_Externa:
INSERT INTO Historia_academca_Externa VALUES 
(3001, 2001, 00001, 4.5, '2018-07-15', '2022-06-30'),
(3002, 2002, 00002, 4.2, '2017-08-20', '2021-12-15'),
(3003, 2003, 00003, 4.7, '2016-09-10', '2020-11-25'),
(3004, 2004, 00004, 4.4, '2015-07-05', '2019-10-20'),
(3005, 2005, 00005, 4.6, '2014-08-12', '2018-09-28'),
(3006, 2006, 00006, 4.3, '2013-09-18', '2017-07-10'),
(3007, 2007, 00007, 4.8, '2012-07-20', '2016-12-05'),
(3008, 2008, 00008, 4.1, '2011-08-25', '2015-11-30'),
(3009, 2009, 00009, 4.9, '2010-09-30', '2014-08-15'),
(3010, 2010, 00010, 4.0, '2009-07-15', '2013-06-30'),
(3011, 2011, 00011, 4.5, '2008-08-20', '2012-12-15'),
(3012, 2012, 00012, 4.2, '2007-09-10', '2011-11-25'),
(3013, 2013, 00013, 4.7, '2006-07-05', '2010-10-20'),
(3014, 2014, 00014, 4.4, '2005-08-12', '2009-09-28'),
(3015, 2015, 00015, 4.6, '2004-09-18', '2008-07-10'),
(3016, 2016, 00016, 4.3, '2003-07-20', '2007-12-05'),
(3017, 2017, 00017, 4.8, '2002-08-25', '2006-11-30'),
(3018, 2018, 00018, 4.1, '2001-09-30', '2005-08-15'),
(3019, 2019, 00019, 4.9, '2000-07-15', '2004-06-30'),
(3020, 2020, 00020, 4.0, '1999-08-20', '2003-12-15'),
(3021, 2021, 00021, 4.5, '1998-09-10', '2002-11-25'),
(3022, 2022, 00022, 4.2, '1997-07-05', '2001-10-20'),
(3023, 2023, 00023, 4.7, '1996-08-12', '2000-09-28'),
(3024, 2024, 00024, 4.4, '1995-09-18', '1999-07-10'),
(3025, 2025, 00025, 4.6, '1994-07-20', '1998-12-05'),
(3026, 2026, 00026, 4.3, '1993-08-25', '1997-11-30'),
(3027, 2027, 00027, 4.8, '1992-09-30', '1996-08-15'),
(3028, 2028, 00028, 4.1, '1991-07-15', '1995-06-30'),
(3029, 2029, 00029, 4.9, '1990-08-20', '1994-12-15'),
(3030, 2021, 00030, 4.0, '1989-09-10', '1993-11-25');

-- INSERCION Facultad_UNAL:
INSERT INTO Facultad_UNAL VALUES 
(1011, 'Artes', 'Bogota', 'Manuel Ortiz'),
(1012, 'Ciencias', 'Bogota', 'Hernan Lopez'), 
(1013, 'Ciencias Agrarias', 'Bogota', 'Roger Martinez'),
(1014, 'Derecho, Ciencias Politicas', 'Bogota', 'Carlos Rodriguez'),
(1015, 'Ciencias Economicas', 'Bogota', 'Luis Perez'),
(1016, 'Ciencias Humanas', 'Bogota', 'Alejandro Fernandez'),
(1017, 'Enfermeria', 'Bogota', 'Mariano Torres'),
(1018, 'Ingenieria', 'Bogota', 'Sandra Liliana'),
(1019, 'Medicina', 'Bogota', 'Manuel Patarroyo'),
(10110, 'Medicina, Veterinaria', 'Bogota', 'Pedro Diaz'),
(10111, 'Odontologia','Bogota', 'Sofia Marrugo');

-- Inserciones en la tabla Programa_Educativo_UNAL:
INSERT INTO Programa_Educativo_UNAL VALUES 
(20001, 'Artes Plásticas', 1011, 'Pregrado', 'Presencial'),
(20002, 'Matemáticas', 1012, 'Pregrado', 'Presencial'),
(20003, 'Ingeniería Agronómica', 1013, 'Pregrado', 'Presencial'),
(20004, 'Derecho', 1014, 'Pregrado', 'Presencial'),
(20005, 'Economía', 1015, 'Pregrado', 'Presencial'),
(20006, 'Antropología', 1016, 'Pregrado', 'Presencial'),
(20007, 'Enfermería', 1017, 'Pregrado', 'Presencial'),
(20008, 'Ingeniería Industrial', 1018, 'Pregrado', 'Presencial'),
(20009, 'Medicina', 1019, 'Pregrado', 'Presencial'),
(20010, 'Medicina Veterinaria', 10110, 'Pregrado', 'Presencial'),
(20011, 'Odontología', 10111, 'Pregrado', 'Presencial'),
(20012, 'Maestría en Escultura', 1011, 'Maestría', 'Presencial'),
(20013, 'Maestría en Matemáticas Aplicadas', 1012, 'Maestría', 'Presencial'),
(20014, 'Maestría en Desarrollo Rural', 1013, 'Maestría', 'Presencial'),
(20015, 'Maestría en Derecho Penal', 1014, 'Maestría', 'Presencial'),
(20016, 'Maestría en Economía Ambiental', 1015, 'Maestría', 'Presencial'),
(20017, 'Maestría en Antropología Social', 1016, 'Maestría', 'Presencial'),
(20018, 'Maestría en Enfermería Pediátrica', 1017, 'Maestría', 'Presencial'),
(20019, 'Maestría en Gestión de la Calidad', 1018, 'Maestría', 'Presencial'),
(20020, 'Maestría en Cirugía Plástica', 1019, 'Maestría', 'Presencial');

-- Inserciones en la tabla Historia_academca_UNAL:
INSERT INTO Historia_academca_UNAL VALUES 
(30002, 20002, 00032, 4.2, '2016-09-20', '2020-12-15'),
(30003, 20003, 00033, 4.7, '2015-10-10', '2019-11-25'),
(30004, 20004, 00034, 4.4, '2014-11-05', '2018-10-20'),
(30005, 20005, 00035, 4.6, '2013-12-12', '2017-09-28'),
(30006, 20006, 00036, 4.3, '2012-07-18', '2016-07-10'),
(30007, 20007, 00037, 4.8, '2011-08-20', '2015-12-05'),
(30008, 20008, 00038, 4.1, '2010-09-25', '2014-11-30'),
(30009, 20009, 00039, 4.9, '2009-10-30', '2013-08-15'),
(30010, 20010, 00040, 4.0, '2008-07-15', '2012-06-30'),
(30011, 20011, 00041, 4.5, '2007-08-20', '2011-12-15'),
(30012, 20012, 00042, 4.2, '2006-09-10', '2010-11-25'),
(30013, 20013, 00043, 4.7, '2005-10-05', '2009-10-20'),
(30014, 20014, 00044, 4.4, '2004-11-12', '2008-09-28'),
(30015, 20015, 00045, 4.6, '2003-12-18', '2007-07-10'),
(30016, 20016, 00046, 4.3, '2002-07-20', '2006-12-05'),
(30017, 20017, 00047, 4.8, '2001-08-25', '2005-11-30'),
(30018, 20018, 00048, 4.1, '2000-09-30', '2004-08-15'),
(30019, 20019, 00049, 4.9, '1999-07-15', '2003-06-30'),
(30020, 20020, 00050, 4.0, '1998-08-20', '2002-12-15');


-- Inserciones en la tabla Empresa:
INSERT INTO Empresa VALUES 
(50001, 'Postobón S.A.', 'Bebidas', 'Juan Pérez', 'Colombia', 'Bogotá', 'Carrera 45 # 26-54', 'Empresa líder en la producción de bebidas.'),
(50002, 'Coca Cola Ltda.', 'Bebidas', 'María Gómez', 'Colombia', 'Bogotá', 'Avenida 68 # 12-34', 'Empresa reconocida a nivel mundial por sus bebidas refrescantes.'),
(50003, 'Inversiones del Futuro S.A.S.', 'Finanzas', 'Luis Martínez', 'Colombia', 'Bogotá', 'Calle 100 # 15-20', 'Empresa dedicada a la gestión de inversiones y asesoramiento financiero.'),
(50004, 'Electrodomésticos Colombianos S.A.', 'Electrodomésticos', 'Andrea López', 'Colombia', 'Bogotá', 'Carrera 80 # 30-45', 'Empresa líder en la venta de electrodomésticos en Colombia.'),
(50005, 'Construcciones y Estructuras Ltda.', 'Construcción', 'Carlos Rodríguez', 'Estados Unidos', 'New york', 'Calle 85 # 18-25', 'Empresa especializada en la construcción de edificaciones y estructuras.'),
(50006, 'Servicios Informáticos S.A.', 'Tecnología', 'Laura Pérez', 'Colombia', 'Medellin', 'Avenida Boyacá # 40-50', 'Empresa dedicada a brindar soluciones informáticas a empresas y particulares.'),
(50007, 'Transporte Veloz S.A.', 'Transporte', 'David Sánchez', 'Colombia', 'Bogotá', 'Autopista Norte # 22-15', 'Empresa de transporte terrestre de carga y logística.'),
(50008, 'Alimentos Naturales Ltda.', 'Alimentos', 'Sofía Ramírez', 'Colombia', 'Bogotá', 'Carrera 70 # 28-30', 'Empresa dedicada a la producción y distribución de alimentos naturales y saludables.'),
(50009, 'Consultoría Estratégica Ltda.', 'Consultoría', 'Juanita Gómez', 'Colombia', 'Cartagena', 'Calle 72 # 15-10', 'Empresa especializada en consultoría estratégica para empresas de diversos sectores.'),
(50010, 'Inversiones Inmobiliarias Ltda.', 'Inmobiliaria', 'Pedro González', 'Colombia', 'Bogotá', 'Carrera 50 # 24-18', 'Empresa dedicada a la gestión y comercialización de bienes raíces en Bogotá.'),
(50011, 'Productos Colombianos S.A.', 'Alimentos', 'María Rodríguez', 'Colombia', 'Cali', 'Calle 65 # 20-15', 'Empresa dedicada a la producción y distribución de productos alimenticios.'),
(50012, 'Distribuidora de Electrónicos S.A.S.', 'Electrónica', 'Andrés López', 'Colombia', 'Bogotá', 'Avenida 68 # 15-30', 'Empresa dedicada a la distribución de productos electrónicos y tecnológicos.'),
(50013, 'Construcciones Urbanas S.A.', 'Construcción', 'Camila Martínez', 'Colombia', 'Bogotá', 'Carrera 90 # 35-40', 'Empresa especializada en proyectos de construcción urbana.'),
(50014, 'Tecnología Avanzada Ltda.', 'Tecnología', 'Luisa González', 'Colombia', 'Bogotá', 'Calle 80 # 12-25', 'Empresa líder en soluciones tecnológicas para empresas y hogares.'),
(50015, 'Distribuidora de Alimentos Naturales S.A.S.', 'Alimentos', 'Diego Ramírez', 'España', 'Barcelona', 'Carrera 75 # 28-15', 'Empresa dedicada a la distribución de alimentos naturales y orgánicos.'),
(50016, 'Servicios de Logística y Distribución S.A.', 'Logística', 'Andrea Gómez', 'Colombia', 'Medellin', 'Avenida 68 # 20-30', 'Empresa especializada en servicios de logística y distribución de productos.');

-- Inserciones en la tabla Trabajo:
INSERT INTO Trabajo VALUES 
(60001, 00001, 50001, 'Gerente de Marketing', 'Ana Gómez', '2020-01-15', '2022-05-30', 'Responsable de las estrategias de marketing de la empresa.', 'Precencial'),
(60002, 00002, 50002, 'Analista Financiero', 'Luis Pérez', '2019-08-20', '2021-11-15', 'Análisis de estados financieros y proyecciones económicas.', 'Precencial'),
(60003, 00003, 50003, 'Ingeniero Agrónomo', 'Andrés Martínez', '2018-06-10', '2020-09-25', 'Desarrollo de proyectos agrícolas y gestión de cultivos.', 'Precencial'),
(60004, 00004, 50004, 'Jefe de Ventas', 'Sofía Rodríguez', '2017-04-05', '2019-08-12', 'Supervisión del equipo de ventas y desarrollo de estrategias comerciales.', 'Precencial'),
(60005, 00005, 50005, 'Arquitecto', 'Juan Gómez', '2016-02-12', '2018-05-18', 'Diseño arquitectónico y supervisión de proyectos de construcción.', 'Precencial'),
(60006, 00006, 50006, 'Desarrollador de Software', 'Laura Pérez', '2015-01-18', '2017-03-20', 'Desarrollo de aplicaciones y sistemas informáticos.', 'Remoto'),
(60007, 00007, 50007, 'Coordinador de Logística', 'Diego Sánchez', '2014-09-20', '2016-12-25', 'Coordinación de operaciones logísticas y gestión de inventarios.', 'Precencial'),
(60008, 00008, 50008, 'Analista de Calidad', 'María Ramírez', '2013-07-25', '2015-09-30', 'Análisis de calidad de productos y procesos de producción.', 'Precencial'),
(60009, 00009, 50009, 'Consultor Estratégico', 'Carlos González', '2012-05-30', '2014-08-15', 'Asesoramiento en estrategias empresariales y desarrollo de planes de acción.', 'Precencial'),
(60010, 00010, 50010, 'Asesor Inmobiliario', 'Pedro Martínez', '2011-03-15', '2013-06-30', 'Asesoramiento en compra, venta y alquiler de bienes raíces.', 'Precencial'),
(60011, 00011, 50011, 'Diseñador Gráfico', 'Luisa Rodríguez', '2020-01-15', '2022-05-30', 'Diseño de materiales publicitarios y gráficos.', 'Remoto'),
(60012, 00012, 50012, 'Ingeniero Electrónico', 'Andrés López', '2019-08-20', '2021-11-15', 'Desarrollo de proyectos electrónicos y mantenimiento de equipos.', 'Precencial'),
(60013, 00013, 50013, 'Ingeniero Civil', 'Camila Martínez', '2018-06-10', '2020-09-25', 'Diseño y construcción de infraestructuras civiles.', 'Precencial'),
(60014, 00014, 50014, 'Analista de Sistemas', 'Luis González', '2017-04-05', '2019-08-12', 'Análisis y desarrollo de sistemas informáticos.', 'Remoto');

-- Inserciones en la tabla Convocatoria:
INSERT INTO Convocatoria VALUES 
(70001, '2024-06-15', '2024-07-15', 5, 'Analista de Marketing Digital', 'Marketing', 'Se busca un profesional para desarrollar estrategias de marketing digital.', 'Marketing', 'Contrato indefinido', 2000000, 4000000, 'Bogotá', 'Cundinamarca', 'Colombia', '1+', 'Pregrado', 'Manejo de redes sociales, Google Analytics', 'Inglés', 50001),
(70002, '2024-06-20', '2024-07-20', 3, 'Desarrollador Web', 'Tecnología', 'Se requiere un desarrollador web para proyectos innovadores.', 'Tecnología', 'Contrato a término fijo', 2500000, 4500000, 'Medellín', 'Antioquia', 'Colombia', '2+', 'Pregrado', 'Desarrollo de aplicaciones web, HTML, CSS, JavaScript', 'Inglés', 50002),
(70003, '2024-06-25', '2024-07-25', 2, 'Ingeniero Civil', 'Ingeniería', 'Se solicita un ingeniero civil para proyecto de construcción.', 'Construcción', 'Contrato a término indefinido', 3000000, 5000000, 'Cali', 'Valle del Cauca', 'Colombia', '3+', 'Pregrado', 'Diseño y construcción de infraestructuras civiles', 'Mandarin', 50003),
(70004, '2024-07-01', '2024-07-30', 4, 'Analista Financiero', 'Finanzas', 'Se busca un analista financiero con experiencia en análisis de riesgos.', 'Finanzas', 'Contrato indefinido', 2800000, 4800000, 'Barranquilla', 'Atlántico', 'Colombia', '2+', 'Pregrado', 'Análisis financiero, evaluación de riesgos', 'Español', 50004),
(70005, '2024-07-05', '2024-08-05', 3, 'Asesor Jurídico', 'Legal', 'Se necesita un asesor jurídico para temas corporativos.', 'Legal', 'Contrato a término indefinido', 3200000, 5200000, 'Cartagena', 'Bolívar', 'Colombia', '3+', 'Pregrado', 'Asesoramiento legal, elaboración de contratos', 'Español', 50005),
(70006, '2024-07-10', '2024-08-10', 5, 'Analista de Datos', 'Tecnología', 'Se busca analista de datos para análisis estadístico y modelado predictivo.', 'Tecnología', 'Contrato indefinido', 3000000, 5000000, 'Bogotá', 'Cundinamarca', 'Colombia', '3+', 'Pregrado', 'Análisis de datos, modelado predictivo', 'Inglés', 50006),
(70007, '2024-07-15', '2024-08-15', 2, 'Ingeniero Agrónomo', 'Agricultura', 'Se requiere ingeniero agrónomo para proyectos de agricultura sostenible.', 'Agricultura', 'Contrato a término indefinido', 3200000, 5200000, 'Medellín', 'Antioquia', 'Colombia', '2+', 'Pregrado', 'Gestión de cultivos, agricultura sostenible', 'N/A', 50007),
(70008, '2024-07-20', '2024-08-20', 3, 'Diseñador Gráfico', 'Diseño', 'Se necesita diseñador gráfico para desarrollo de material visual.', 'Diseño', 'Contrato a término fijo', 2500000, 4500000, 'Cali', 'Valle del Cauca', 'Colombia', '1+', 'Pregrado', 'Diseño gráfico, manejo de herramientas de diseño', 'N/A', 50008);

-- Inserciones en la tabla Postulado_Convocatoria:
INSERT INTO Postulado_Convocatoria VALUES 
(00001, 70001, '2024-06-16'),
(00042, 70001, '2024-06-17'),
(00003, 70002, '2024-06-21'),
(00044, 70002, '2024-06-22'),
(00005, 70003, '2024-06-26'),
(00006, 70003, '2024-06-27'),
(00007, 70004, '2024-07-02'),
(00008, 70004, '2024-07-03'),
(00019, 70005, '2024-07-06'),
(00020, 70005, '2024-07-07'),
(00021, 70006, '2024-07-11'),
(00012, 70006, '2024-07-12'),
(00013, 70007, '2024-07-16'),
(00034, 70007, '2024-07-17'),
(00015, 70008, '2024-07-21');

-- Inserciones en la tabla Selección_convocatoria:
INSERT INTO Selección_convocatória VALUES 
(00001, 70001),
(00021, 70006),
(00006, 70003),
(00008, 70004),
(00020, 70005),
(00015, 70008);

-- Inserciones en la tabla Documento_Investigacion:
INSERT INTO Documento_Investigacion VALUES 
(10029, 'Impacto de la COVID-19 en la Economía Global', 'Español', 'Informe Económico Mundial', 'Este documento analiza el impacto económico de la pandemia de COVID-19 a nivel global.', '2024-03-10'),
(10032, 'Artificial Intelligence in Healthcare', 'Inglés', 'Journal of Medical Artificial Intelligence', 'This document discusses the applications of artificial intelligence in the healthcare industry.', '2024-02-05'),
(10033, 'Desarrollo de Tecnologías Sostenibles', 'Español', 'Revista de Ingeniería Sostenible', 'Este documento presenta el desarrollo de tecnologías sostenibles para mitigar el cambio climático.', '2023-11-30'),
(10034, 'The Future of Blockchain Technology', 'Inglés', 'Blockchain Research Journal', 'This document explores the potential future applications of blockchain technology across various industries.', '2024-04-18'),
(10035, 'Efectos del Cambio Climático en la Agricultura', 'Español', 'Revista de Agricultura Sostenible', 'Este documento analiza los efectos del cambio climático en la agricultura y propone estrategias de adaptación.', '2024-05-22'),
(10036, 'Advances in Quantum Computing', 'Inglés', 'Quantum Computing Review', 'This document reviews recent advances in the field of quantum computing and their potential impact on various sectors.', '2024-03-05'),
(10037, 'Innovations in Biotechnology', 'Inglés', 'Biotechnology Journal', 'This document highlights recent innovations in biotechnology and their applications in medicine, agriculture, and industry.', '2023-10-12'),
(10038, 'Tendencias en la Industria Automotriz', 'Español', 'Informe de la Asociación Automotriz Internacional', 'Este documento presenta las tendencias actuales en la industria automotriz y las innovaciones tecnológicas en vehículos.', '2024-02-28'),
(10039, 'Sustainable Urban Development Strategies', 'Inglés', 'Urban Planning Review', 'This document discusses sustainable urban development strategies to address challenges such as population growth and climate change.', '2023-09-08'),
(10040, 'Avances en Medicina Regenerativa', 'Español', 'Revista Médica Internacional', 'Este documento revisa los avances en medicina regenerativa y su potencial para tratar enfermedades crónicas y lesiones.', '2024-01-30'),
(10041, 'The Role of Artificial Intelligence in Education', 'Inglés', 'Educational Technology Journal', 'This document explores the role of artificial intelligence in transforming education and enhancing learning experiences.', '2024-04-10'),
(10042, 'Desarrollo de Energías Renovables en América Latina', 'Español', 'Informe de Energía Renovable', 'Este documento analiza el desarrollo de energías renovables en América Latina y los desafíos para su implementación.', '2023-12-15'),
(10043, 'Advancements in Nanotechnology', 'Inglés', 'Nanotechnology Research Journal', 'This document reviews recent advancements in nanotechnology and their applications in electronics, medicine, and materials science.', '2024-05-05');

-- Inserciones en la tabla Historial_Laboral:
INSERT INTO Historial_Laboral VALUES 
(00001, 50001, '2022-01-10', '2023-05-15'),
(00001, 50002, '2023-07-20', '2024-09-30'),
(00001, 50003, '2025-02-18', NULL),
(00002, 50004, '2023-03-05', '2024-08-10'),
(00002, 50005, '2024-10-15', NULL),
(00003, 50006, '2022-08-12', '2023-12-20'),
(00004, 50009, '2025-01-15', NULL),
(00005, 50010, '2023-09-20', '2024-11-05'),
(00005, 50011, '2025-03-10', NULL),
(00006, 50012, '2022-12-15', '2024-03-18'),
(00006, 50013, '2024-05-20', '2025-08-25'),
(00007, 50014, '2023-08-05', '2024-12-10'),
(00007, 50015, '2025-01-25', NULL),
(00008, 50016, '2022-10-10', '2023-12-15'),
(00008, 50015, '2024-02-18', '2025-06-20'),
(00009, 50015, '2023-05-15', '2024-09-30'),
(00009, 50011, '2024-11-20', NULL),
(00010, 50010, '2022-03-08', '2023-08-12'),
(00011, 50006, '2025-02-15', NULL),
(00012, 50007, '2022-09-18', '2023-12-20'),
(00050, 50008, '2024-03-25', '2025-07-30'),
(00048, 50015, '2023-08-10', '2024-11-15'),
(00013, 50016, '2025-01-20', NULL),
(00014, 50009, '2022-12-05', '2024-04-08'),
(00015, 50012, '2025-03-25', NULL),
(00035, 50016, '2025-02-18', NULL);

-- Inserciones en la tabla Participacion_Investigacion:
INSERT INTO Participacion_Investigacion VALUES 
(00001, 10029),
(00022, 10032),
(00003, 10033),
(00034, 10033),
(00005, 10035),
(00006, 10036),
(00047, 10037),
(00008, 10038),
(00029, 10039),
(00040, 10040),
(00011, 10041),
(00012, 10042),
(00050, 10043);

-- Inserciones en la tabla Dialogo_con_egresados:
INSERT INTO Dialogo_con_egresados VALUES 
(400001, 'Encuentro de Networking', '2024-05-10', 50, 35),
(400002, 'Panel de Discusión sobre Industria 4.0', '2024-06-15', 60, 45),
(400003, 'Charla sobre Emprendimiento', '2024-07-20', 40, 30),
(400004, 'Taller de Desarrollo Profesional', '2024-08-25', 55, 40),
(400005, 'Seminario sobre Innovación Tecnológica', '2024-09-30', 70, 50),
(400006, 'Conferencia sobre Marketing Digital', '2024-10-15', 45, 35),
(400007, 'Foro de Debates sobre Política Pública', '2024-11-20', 65, 50),
(400008, 'Taller de Liderazgo y Trabajo en Equipo', '2025-01-05', 50, 35),
(400009, 'Charla sobre Desarrollo Sostenible', '2025-02-10', 55, 40),
(400010, 'Panel de Discusión sobre Inteligencia Artificial', '2025-03-15', 60, 45),
(400011, 'Encuentro de Networking', '2025-04-20', 45, 30),
(400012, 'Seminario sobre Big Data y Analítica', '2025-05-25', 70, 50),
(400013, 'Taller de Habilidades Comunicativas', '2025-06-30', 50, 35),
(400014, 'Conferencia sobre Cambio Climático', '2025-07-15', 60, 45),
(400015, 'Charla sobre Ciberseguridad', '2025-08-20', 55, 40);

-- Inserciones en la tabla Conferensista_dialogo_egresados:
INSERT INTO Conferensista_dialogo_egresados VALUES 
(60001, 'María', 'López'),
(60002, 'Juan', 'García'),
(60003, 'Ana', 'Martínez'),
(60004, 'Pedro', 'Sánchez'),
(60005, 'Laura', 'Rodríguez'),
(60006, 'Carlos', 'Hernández'),
(60007, 'Sofía', 'Gómez'),
(60008, 'David', 'Pérez'),
(60009, 'Paula', 'Díaz'),
(60010, 'Alejandro', 'Fernández');

-- Inserciones en la tabla Participacion_conferencista:
INSERT INTO Participacion_conferencista VALUES 
(60001, 400001),
(60002, 400002),
(60003, 400003),
(60004, 400004),
(60005, 400005),
(60006, 400006),
(60007, 400007),
(60008, 400008),
(60009, 400009),
(60010, 400010);

-- INSERCION EN LA TABLA Egresado_Dialogo:
INSERT INTO Egresado_Dialogo VALUES 
(00001, 400001),
(00002, 400002),
(00020, 400003),
(00020, 400004),
(00025, 400005),
(00030, 400006),
(00035, 400007),
(00040, 400008),
(00045, 400009),
(00050, 400010);

-- Inserciones en la tabla Catedra_con_egresados:
INSERT INTO Catedra_con_egresados VALUES 
(30001, 'Cátedra de Innovación Tecnológica', 'María Rodríguez', 1012, 'Presencial', '2024-05-10', '2024-06-15'),
(30002, 'Cátedra de Emprendimiento', 'Juan Pérez', 1016, 'Virtual', '2024-06-20', '2024-07-25'),
(30003, 'Cátedra de Sostenibilidad Ambiental', 'Laura Martínez', 1013, 'Presencial', '2024-07-30', '2024-09-05'),
(30004, 'Cátedra de Liderazgo Empresarial', 'Pedro Gómez', 1015, 'Virtual', '2024-08-10', '2024-09-15'),
(30005, 'Cátedra de Marketing Digital', 'Sofía Sánchez', 1018, 'Presencial', '2024-09-20', '2024-10-25'),
(30006, 'Cátedra de Inteligencia Artificial', 'Carlos Fernández', 1012, 'Virtual', '2024-11-01', '2024-12-06'),
(30007, 'Cátedra de Desarrollo Humano', 'Ana López', 1016, 'Presencial', '2025-01-10', '2025-02-15'),
(30008, 'Cátedra de Finanzas Corporativas', 'David Pérez', 1015, 'Virtual', '2025-02-20', '2025-03-27'),
(30009, 'Cátedra de Ética Empresarial', 'Paula Díaz', 1014, 'Presencial', '2025-04-05', '2025-05-10'),
(30010, 'Cátedra de Desarrollo Web', 'Alejandro Gómez', 1018, 'Virtual', '2025-05-15', '2025-06-20'),
(30011, 'Cátedra de Derecho Laboral', 'María Martínez', 1014, 'Presencial', '2025-07-01', '2025-08-05'),
(30012, 'Cátedra de Negocios Internacionales', 'Juan Rodríguez', 1015, 'Virtual', '2025-08-10', '2025-09-15'),
(30013, 'Cátedra de Recursos Humanos', 'Laura Pérez', 1017, 'Presencial', '2025-10-01', '2025-11-05'),
(30014, 'Cátedra de Economía Circular', 'Pedro Martínez', 1013, 'Virtual', '2025-11-10', '2025-12-15'),
(30015, 'Cátedra de Comunicación Organizacional', 'Sofía Gómez', 1016, 'Presencial', '2026-01-10', '2026-02-15'),
(30016, 'Cátedra de Gestión de Proyectos', 'Carlos Pérez', 1018, 'Virtual', '2026-02-20', '2026-03-27'),
(30017, 'Cátedra de Tecnología Educativa', 'Ana Gómez', 1012, 'Presencial', '2026-04-05', '2026-05-10'),
(30018, 'Cátedra de Derechos Humanos', 'David Fernández', 1017, 'Virtual', '2026-05-15', '2026-06-20'),
(30019, 'Cátedra de Psicología Organizacional', 'Paula Martínez', 1016, 'Presencial', '2026-07-01', '2026-08-05'),
(30020, 'Cátedra de Gestión Ambiental', 'Alejandro Pérez', 1013, 'Virtual', '2026-08-10', '2026-09-15');

-- Inserciones en la tabla Participar_catedra:
INSERT INTO Participar_catedra VALUES 
(00001, 30001),
(00002, 30002),
(00003, 30003),
(00004, 30004),
(00009, 30009),
(00010, 30010),
(00011, 30011),
(00012, 30012),
(00013, 30013),
(00014, 30014),
(00015, 30015),
(00016, 30016),
(00017, 30017),
(00018, 30018),
(00019, 30019),
(00020, 30020),
(00021, 30001),
(00022, 30002),
(00023, 30003),
(00024, 30004),
(00027, 30005),
(00033, 30006),
(00034, 30007),
(00036, 30008),
(00039, 30009),
(00038, 30010),
(00041, 30011),
(00045, 30012),
(00048, 30013),
(00049, 30014),
(00051, 30015);
